Date,Time,SpO2(%),PR(bpm)
9/26/2026,12:29:32 AM,82,24
9/26/2026,12:29:33 AM,82,24
9/26/2026,12:29:34 AM,82,24
9/26/2026,12:29:35 AM,82,24
9/26/2026,12:29:36 AM,82,24
9/26/2026,12:29:37 AM,82,24
9/26/2026,12:29:38 AM,82,24
9/26/2026,12:29:39 AM,82,24
9/26/2026,12:29:40 AM,82,24
9/26/2026,12:29:41 AM,83,24
9/26/2026,12:29:42 AM,83,24
9/26/2026,12:29:43 AM,83,24
9/26/2026,12:29:44 AM,83,24
9/26/2026,12:29:45 AM,83,24
9/26/2026,12:29:46 AM,83,24
9/26/2026,12:29:47 AM,83,24
9/26/2026,12:29:48 AM,83,24
9/26/2026,12:29:49 AM,83,24
9/26/2026,12:29:50 AM,83,24
9/26/2026,12:29:51 AM,83,24
9/26/2026,12:29:52 AM,83,24
9/26/2026,12:29:53 AM,83,24
9/26/2026,12:29:54 AM,83,24
9/26/2026,12:29:55 AM,83,24
9/26/2026,12:29:56 AM,83,24
9/26/2026,12:29:57 AM,83,24
9/26/2026,12:29:58 AM,83,24
9/26/2026,12:29:59 AM,83,24
9/26/2026,12:30:00 AM,83,24
9/26/2026,12:30:01 AM,83,24
9/26/2026,12:30:02 AM,83,24
9/26/2026,12:30:03 AM,83,24
9/26/2026,12:30:04 AM,83,24
9/26/2026,12:30:05 AM,83,24
9/26/2026,12:30:06 AM,83,24
9/26/2026,12:30:07 AM,83,24
9/26/2026,12:30:08 AM,83,24
9/26/2026,12:30:09 AM,83,24
9/26/2026,12:30:10 AM,83,24
9/26/2026,12:30:11 AM,83,24
9/26/2026,12:30:12 AM,83,24
9/26/2026,12:30:13 AM,83,24
9/26/2026,12:30:14 AM,83,24
9/26/2026,12:30:15 AM,83,24
9/26/2026,12:30:16 AM,83,24
9/26/2026,12:30:17 AM,83,24
9/26/2026,12:30:18 AM,83,24
9/26/2026,12:30:19 AM,83,24
9/26/2026,12:30:20 AM,83,24
9/26/2026,12:30:21 AM,83,24
9/26/2026,12:30:22 AM,83,24
9/26/2026,12:30:23 AM,83,24
9/26/2026,12:30:24 AM,83,24
9/26/2026,12:30:25 AM,83,24
9/26/2026,12:30:26 AM,83,24
9/26/2026,12:30:27 AM,83,24
9/26/2026,12:30:28 AM,83,24
9/26/2026,12:30:29 AM,83,24
9/26/2026,12:30:30 AM,83,24
9/26/2026,12:30:31 AM,83,24
9/26/2026,12:30:32 AM,85,25
9/26/2026,12:30:33 AM,85,25
9/26/2026,12:30:34 AM,85,25
9/26/2026,12:30:35 AM,85,25
9/26/2026,12:30:36 AM,85,25
9/26/2026,12:30:37 AM,85,25
9/26/2026,12:30:38 AM,85,25
9/26/2026,12:30:39 AM,85,25
9/26/2026,12:30:40 AM,85,25
9/26/2026,12:30:41 AM,85,25
9/26/2026,12:30:42 AM,85,25
9/26/2026,12:30:43 AM,85,25
9/26/2026,12:30:44 AM,85,25
9/26/2026,12:30:45 AM,85,25
9/26/2026,12:30:46 AM,85,25
9/26/2026,12:30:47 AM,85,25
9/26/2026,12:30:48 AM,85,25
9/26/2026,12:30:49 AM,85,25
9/26/2026,12:30:50 AM,85,25
9/26/2026,12:30:51 AM,85,25
9/26/2026,12:30:52 AM,85,25
9/26/2026,12:30:53 AM,85,25
9/26/2026,12:30:54 AM,86,25
9/26/2026,12:30:55 AM,86,25
9/26/2026,12:30:56 AM,86,25
9/26/2026,12:30:57 AM,86,25
9/26/2026,12:30:58 AM,86,25
9/26/2026,12:30:59 AM,87,25
9/26/2026,12:31:00 AM,87,25
9/26/2026,12:31:01 AM,88,25
9/26/2026,12:31:02 AM,88,25
9/26/2026,12:31:03 AM,88,25
9/26/2026,12:31:04 AM,88,25
9/26/2026,12:31:05 AM,88,25
9/26/2026,12:31:06 AM,88,25
9/26/2026,12:31:07 AM,88,25
9/26/2026,12:31:08 AM,88,25
9/26/2026,12:31:09 AM,88,25
9/26/2026,12:31:10 AM,89,25
9/26/2026,12:31:11 AM,89,25
9/26/2026,12:31:12 AM,89,25
9/26/2026,12:31:13 AM,89,25
9/26/2026,12:31:14 AM,89,25
9/26/2026,12:31:15 AM,89,25
9/26/2026,12:31:16 AM,89,25
9/26/2026,12:31:17 AM,89,25
9/26/2026,12:31:18 AM,89,25
9/26/2026,12:31:19 AM,89,25
9/26/2026,12:31:20 AM,89,25
9/26/2026,12:31:21 AM,89,25
9/26/2026,12:31:22 AM,89,25
9/26/2026,12:31:23 AM,89,25
9/26/2026,12:31:24 AM,89,25
9/26/2026,12:31:25 AM,89,25
9/26/2026,12:31:26 AM,89,25
9/26/2026,12:31:27 AM,89,25
9/26/2026,12:31:28 AM,89,25
9/26/2026,12:31:29 AM,89,25
9/26/2026,12:31:30 AM,89,25
9/26/2026,12:31:31 AM,89,25
9/26/2026,12:31:32 AM,89,25
9/26/2026,12:31:33 AM,89,25
9/26/2026,12:31:34 AM,89,25
9/26/2026,12:31:35 AM,89,25
9/26/2026,12:31:36 AM,89,25
9/26/2026,12:31:37 AM,89,25
9/26/2026,12:31:38 AM,89,25
9/26/2026,12:31:39 AM,89,25
9/26/2026,12:31:40 AM,89,25
9/26/2026,12:31:41 AM,89,25
9/26/2026,12:31:42 AM,89,25
9/26/2026,12:31:43 AM,89,25
9/26/2026,12:31:44 AM,90,25
9/26/2026,12:31:45 AM,90,25
9/26/2026,12:31:46 AM,90,25
9/26/2026,12:31:47 AM,90,25
9/26/2026,12:31:48 AM,90,25
9/26/2026,12:31:49 AM,90,25
9/26/2026,12:31:50 AM,90,25
9/26/2026,12:31:51 AM,90,25
9/26/2026,12:31:52 AM,90,25
9/26/2026,12:31:53 AM,90,25
9/26/2026,12:31:54 AM,90,25
9/26/2026,12:31:55 AM,90,25
9/26/2026,12:31:56 AM,90,25
9/26/2026,12:31:57 AM,90,25
9/26/2026,12:31:58 AM,90,25
9/26/2026,12:31:59 AM,90,25
9/26/2026,12:32:00 AM,90,25
9/26/2026,12:32:01 AM,90,25
9/26/2026,12:32:02 AM,90,25
9/26/2026,12:32:03 AM,90,25
9/26/2026,12:32:04 AM,90,25
9/26/2026,12:32:05 AM,90,25
9/26/2026,12:32:06 AM,90,25
9/26/2026,12:32:07 AM,90,25
9/26/2026,12:32:08 AM,90,25
9/26/2026,12:32:09 AM,90,25
9/26/2026,12:32:10 AM,90,25
9/26/2026,12:32:11 AM,90,25
9/26/2026,12:32:12 AM,90,25
9/26/2026,12:32:13 AM,90,25
9/26/2026,12:32:14 AM,90,25
9/26/2026,12:32:15 AM,90,25
9/26/2026,12:32:16 AM,90,25
9/26/2026,12:32:17 AM,90,25
9/26/2026,12:32:18 AM,90,25
9/26/2026,12:32:19 AM,90,25
9/26/2026,12:32:20 AM,90,25
9/26/2026,12:32:21 AM,90,25
9/26/2026,12:32:22 AM,91,25
9/26/2026,12:32:23 AM,92,25
9/26/2026,12:32:24 AM,92,25
9/26/2026,12:32:25 AM,92,25
9/26/2026,12:32:26 AM,93,25
9/26/2026,12:32:27 AM,93,25
9/26/2026,12:32:28 AM,93,25
9/26/2026,12:32:29 AM,93,25
9/26/2026,12:32:30 AM,93,25
9/26/2026,12:32:31 AM,93,25
9/26/2026,12:32:32 AM,93,25
9/26/2026,12:32:33 AM,93,25
9/26/2026,12:32:34 AM,93,25
9/26/2026,12:32:35 AM,93,25
9/26/2026,12:32:36 AM,93,25
9/26/2026,12:32:37 AM,93,25
9/26/2026,12:32:38 AM,93,25
9/26/2026,12:32:39 AM,93,27
9/26/2026,12:32:40 AM,93,27
9/26/2026,12:32:41 AM,93,27
9/26/2026,12:32:42 AM,93,27
9/26/2026,12:32:43 AM,93,27
9/26/2026,12:32:44 AM,93,27
9/26/2026,12:32:45 AM,93,27
9/26/2026,12:32:46 AM,93,29
9/26/2026,12:32:47 AM,93,29
9/26/2026,12:32:48 AM,93,29
9/26/2026,12:32:49 AM,93,29
9/26/2026,12:32:50 AM,93,29
9/26/2026,12:32:51 AM,93,29
9/26/2026,12:32:52 AM,93,29
9/26/2026,12:32:53 AM,93,29
9/26/2026,12:32:54 AM,93,29
9/26/2026,12:32:55 AM,93,29
9/26/2026,12:32:56 AM,93,29
9/26/2026,12:32:57 AM,93,29
9/26/2026,12:32:58 AM,94,29
9/26/2026,12:32:59 AM,94,29
9/26/2026,12:33:00 AM,94,29
9/26/2026,12:33:01 AM,94,29
9/26/2026,12:33:02 AM,94,29
9/26/2026,12:33:03 AM,94,29
9/26/2026,12:33:04 AM,94,29
9/26/2026,12:33:05 AM,94,29
9/26/2026,12:33:06 AM,95,29
9/26/2026,12:33:07 AM,96,29
9/26/2026,12:33:08 AM,96,29
9/26/2026,12:33:09 AM,98,29
9/26/2026,12:33:10 AM,98,29
9/26/2026,12:33:11 AM,98,29
9/26/2026,12:33:12 AM,99,29
9/26/2026,12:33:13 AM,99,29
9/26/2026,12:33:14 AM,99,29
9/26/2026,12:33:15 AM,99,33
9/26/2026,12:33:16 AM,99,33
9/26/2026,12:33:17 AM,99,33
9/26/2026,12:33:18 AM,99,33
9/26/2026,12:33:19 AM,99,33
9/26/2026,12:33:20 AM,99,33
9/26/2026,12:33:21 AM,99,33
9/26/2026,12:33:22 AM,99,33
9/26/2026,12:33:23 AM,99,37
9/26/2026,12:33:24 AM,99,37
9/26/2026,12:33:25 AM,99,37
9/26/2026,12:33:26 AM,99,37
9/26/2026,12:33:27 AM,99,37
9/26/2026,12:33:28 AM,99,37
9/26/2026,12:33:29 AM,99,37
9/26/2026,12:33:30 AM,99,37
9/26/2026,12:33:31 AM,99,37
9/26/2026,12:33:32 AM,99,37
9/26/2026,12:33:33 AM,99,37
9/26/2026,12:33:34 AM,99,37
9/26/2026,12:33:35 AM,99,37
9/26/2026,12:33:36 AM,99,37
9/26/2026,12:33:37 AM,99,37
9/26/2026,12:33:38 AM,99,37
9/26/2026,12:33:39 AM,99,37
9/26/2026,12:33:40 AM,99,37
9/26/2026,12:33:41 AM,99,37
9/26/2026,12:33:42 AM,99,37
9/26/2026,12:33:43 AM,99,43
9/26/2026,12:33:44 AM,99,43
9/26/2026,12:33:45 AM,99,43
9/26/2026,12:33:46 AM,99,43
9/26/2026,12:33:47 AM,99,43
9/26/2026,12:33:48 AM,99,43
9/26/2026,12:33:49 AM,99,43
9/26/2026,12:33:50 AM,99,43
9/26/2026,12:33:51 AM,99,43
9/26/2026,12:33:52 AM,99,43
9/26/2026,12:33:53 AM,99,49
9/26/2026,12:33:54 AM,99,49
9/26/2026,12:33:55 AM,99,49
9/26/2026,12:33:56 AM,99,49
9/26/2026,12:33:57 AM,99,49
9/26/2026,12:33:58 AM,99,49
9/26/2026,12:33:59 AM,99,49
9/26/2026,12:34:00 AM,99,49
9/26/2026,12:34:01 AM,99,49
9/26/2026,12:34:02 AM,99,49
9/26/2026,12:34:03 AM,99,49
9/26/2026,12:34:04 AM,99,49
9/26/2026,12:34:05 AM,99,49
9/26/2026,12:34:06 AM,99,49
9/26/2026,12:34:07 AM,99,49
9/26/2026,12:34:08 AM,99,49
9/26/2026,12:34:09 AM,99,49
9/26/2026,12:34:10 AM,99,49
9/26/2026,12:34:11 AM,99,49
9/26/2026,12:34:12 AM,99,49
9/26/2026,12:34:13 AM,99,49
9/26/2026,12:34:14 AM,99,49
9/26/2026,12:34:15 AM,99,49
9/26/2026,12:34:16 AM,99,49
9/26/2026,12:34:17 AM,99,49
9/26/2026,12:34:18 AM,99,49
9/26/2026,12:34:19 AM,99,49
9/26/2026,12:34:20 AM,99,49
9/26/2026,12:34:21 AM,99,55
9/26/2026,12:34:22 AM,99,55
9/26/2026,12:34:23 AM,99,55
9/26/2026,12:34:24 AM,99,55
9/26/2026,12:34:25 AM,99,61
9/26/2026,12:34:26 AM,99,61
9/26/2026,12:34:27 AM,99,61
9/26/2026,12:34:28 AM,99,61
9/26/2026,12:34:29 AM,99,72
9/26/2026,12:34:30 AM,99,72
9/26/2026,12:34:31 AM,99,73
9/26/2026,12:34:32 AM,99,73
9/26/2026,12:34:33 AM,99,73
9/26/2026,12:34:34 AM,99,73
9/26/2026,12:34:35 AM,99,73
9/26/2026,12:34:36 AM,99,73
9/26/2026,12:34:37 AM,99,73
9/26/2026,12:34:38 AM,99,73
9/26/2026,12:34:39 AM,99,73
9/26/2026,12:34:40 AM,99,73
9/26/2026,12:34:41 AM,99,73
9/26/2026,12:34:42 AM,99,73
9/26/2026,12:34:43 AM,99,73
9/26/2026,12:34:44 AM,99,73
9/26/2026,12:34:45 AM,99,73
9/26/2026,12:34:46 AM,99,73
9/26/2026,12:34:47 AM,99,73
9/26/2026,12:34:48 AM,99,73
9/26/2026,12:34:49 AM,99,73
9/26/2026,12:34:50 AM,99,73
9/26/2026,12:34:51 AM,99,73
9/26/2026,12:34:52 AM,99,73
9/26/2026,12:34:53 AM,99,73
9/26/2026,12:34:54 AM,99,73
9/26/2026,12:34:55 AM,99,73
9/26/2026,12:34:56 AM,99,73
9/26/2026,12:34:57 AM,99,73
9/26/2026,12:34:58 AM,99,73
9/26/2026,12:34:59 AM,99,73
9/26/2026,12:35:00 AM,99,73
9/26/2026,12:35:01 AM,99,73
9/26/2026,12:35:02 AM,99,73
9/26/2026,12:35:03 AM,99,73
9/26/2026,12:35:04 AM,99,73
9/26/2026,12:35:05 AM,99,73
9/26/2026,12:35:06 AM,99,73
9/26/2026,12:35:07 AM,99,73
9/26/2026,12:35:08 AM,99,73
9/26/2026,12:35:09 AM,99,73
9/26/2026,12:35:10 AM,99,73
9/26/2026,12:35:11 AM,99,73
9/26/2026,12:35:12 AM,99,73
9/26/2026,12:35:13 AM,99,73
9/26/2026,12:35:14 AM,99,73
9/26/2026,12:35:15 AM,99,73
9/26/2026,12:35:16 AM,99,73
9/26/2026,12:35:17 AM,99,73
9/26/2026,12:35:18 AM,99,73
9/26/2026,12:35:19 AM,99,73
9/26/2026,12:35:20 AM,99,73
9/26/2026,12:35:21 AM,99,73
9/26/2026,12:35:22 AM,99,73
9/26/2026,12:35:23 AM,99,73
9/26/2026,12:35:24 AM,99,73
9/26/2026,12:35:25 AM,99,73
9/26/2026,12:35:26 AM,99,73
9/26/2026,12:35:27 AM,99,73
9/26/2026,12:35:28 AM,99,73
9/26/2026,12:35:29 AM,99,73
9/26/2026,12:35:30 AM,99,73
9/26/2026,12:35:31 AM,99,73
9/26/2026,12:35:32 AM,99,73
9/26/2026,12:35:33 AM,99,73
9/26/2026,12:35:34 AM,99,73
9/26/2026,12:35:35 AM,99,73
9/26/2026,12:35:36 AM,99,73
9/26/2026,12:35:37 AM,99,73
9/26/2026,12:35:38 AM,99,73
9/26/2026,12:35:39 AM,99,73
9/26/2026,12:35:40 AM,99,73
9/26/2026,12:35:41 AM,99,73
9/26/2026,12:35:42 AM,99,73
9/26/2026,12:35:43 AM,99,73
9/26/2026,12:35:44 AM,99,73
9/26/2026,12:35:45 AM,99,73
9/26/2026,12:35:46 AM,99,73
9/26/2026,12:35:47 AM,99,73
9/26/2026,12:35:48 AM,99,73
9/26/2026,12:35:49 AM,99,73
9/26/2026,12:35:50 AM,99,73
9/26/2026,12:35:51 AM,99,73
9/26/2026,12:35:52 AM,99,73
9/26/2026,12:35:53 AM,99,73
9/26/2026,12:35:54 AM,99,73
9/26/2026,12:35:55 AM,99,73
9/26/2026,12:35:56 AM,99,73
9/26/2026,12:35:57 AM,99,73
9/26/2026,12:35:58 AM,99,73
9/26/2026,12:35:59 AM,99,73
9/26/2026,12:36:00 AM,99,73
9/26/2026,12:36:01 AM,99,73
9/26/2026,12:36:02 AM,99,73
9/26/2026,12:36:03 AM,99,73
9/26/2026,12:36:04 AM,99,73
9/26/2026,12:36:05 AM,99,73
9/26/2026,12:36:06 AM,99,73
9/26/2026,12:36:07 AM,99,73
9/26/2026,12:36:08 AM,99,73
9/26/2026,12:36:09 AM,99,73
9/26/2026,12:36:10 AM,99,73
9/26/2026,12:36:11 AM,99,73
9/26/2026,12:36:12 AM,99,73
9/26/2026,12:36:13 AM,99,73
9/26/2026,12:36:14 AM,99,73
9/26/2026,12:36:15 AM,99,73
9/26/2026,12:36:16 AM,99,73
9/26/2026,12:36:17 AM,99,73
9/26/2026,12:36:18 AM,99,73
9/26/2026,12:36:19 AM,99,73
9/26/2026,12:36:20 AM,99,73
9/26/2026,12:36:21 AM,99,73
9/26/2026,12:36:22 AM,99,73
9/26/2026,12:36:23 AM,99,73
9/26/2026,12:36:24 AM,99,73
9/26/2026,12:36:25 AM,99,73
9/26/2026,12:36:26 AM,99,73
9/26/2026,12:36:27 AM,99,73
9/26/2026,12:36:28 AM,99,73
9/26/2026,12:36:29 AM,99,73
9/26/2026,12:36:30 AM,99,73
9/26/2026,12:36:31 AM,99,73
9/26/2026,12:36:32 AM,99,73
9/26/2026,12:36:33 AM,99,73
9/26/2026,12:36:34 AM,99,73
9/26/2026,12:36:35 AM,99,73
9/26/2026,12:36:36 AM,99,73
9/26/2026,12:36:37 AM,99,73
9/26/2026,12:36:38 AM,99,73
9/26/2026,12:36:39 AM,99,73
9/26/2026,12:36:40 AM,99,73
9/26/2026,12:36:41 AM,99,73
9/26/2026,12:36:42 AM,99,73
9/26/2026,12:36:43 AM,99,73
9/26/2026,12:36:44 AM,99,73
9/26/2026,12:36:45 AM,99,73
9/26/2026,12:36:46 AM,99,73
9/26/2026,12:36:47 AM,99,73
9/26/2026,12:36:48 AM,99,73
9/26/2026,12:36:49 AM,99,73
9/26/2026,12:36:50 AM,99,73
9/26/2026,12:36:51 AM,99,73
9/26/2026,12:36:52 AM,99,73
9/26/2026,12:36:53 AM,99,73
9/26/2026,12:36:54 AM,99,73
9/26/2026,12:36:55 AM,99,73
9/26/2026,12:36:56 AM,99,73
9/26/2026,12:36:57 AM,99,73
9/26/2026,12:36:58 AM,99,73
9/26/2026,12:36:59 AM,99,73
9/26/2026,12:37:00 AM,99,73
9/26/2026,12:37:01 AM,99,73
9/26/2026,12:37:02 AM,99,73
9/26/2026,12:37:03 AM,99,74
9/26/2026,12:37:04 AM,99,74
9/26/2026,12:37:05 AM,99,74
9/26/2026,12:37:06 AM,99,74
9/26/2026,12:37:07 AM,99,74
9/26/2026,12:37:08 AM,99,74
9/26/2026,12:37:09 AM,99,74
9/26/2026,12:37:10 AM,99,74
9/26/2026,12:37:11 AM,99,74
9/26/2026,12:37:12 AM,99,74
9/26/2026,12:37:13 AM,99,74
9/26/2026,12:37:14 AM,99,74
9/26/2026,12:37:15 AM,99,74
9/26/2026,12:37:16 AM,99,74
9/26/2026,12:37:17 AM,99,74
9/26/2026,12:37:18 AM,99,74
9/26/2026,12:37:19 AM,99,74
9/26/2026,12:37:20 AM,99,74
9/26/2026,12:37:21 AM,99,74
9/26/2026,12:37:22 AM,99,74
9/26/2026,12:37:23 AM,99,74
9/26/2026,12:37:24 AM,99,74
9/26/2026,12:37:25 AM,99,74
9/26/2026,12:37:26 AM,99,74
9/26/2026,12:37:27 AM,99,74
9/26/2026,12:37:28 AM,99,74
9/26/2026,12:37:29 AM,99,74
9/26/2026,12:37:30 AM,99,74
9/26/2026,12:37:31 AM,99,74
9/26/2026,12:37:32 AM,99,74
9/26/2026,12:37:33 AM,99,74
9/26/2026,12:37:34 AM,99,74
9/26/2026,12:37:35 AM,99,74
9/26/2026,12:37:36 AM,99,74
9/26/2026,12:37:37 AM,99,74
9/26/2026,12:37:38 AM,99,74
9/26/2026,12:37:39 AM,99,74
9/26/2026,12:37:40 AM,99,74
9/26/2026,12:37:41 AM,99,74
9/26/2026,12:37:42 AM,99,74
9/26/2026,12:37:43 AM,99,74
9/26/2026,12:37:44 AM,99,74
9/26/2026,12:37:45 AM,99,74
9/26/2026,12:37:46 AM,99,74
9/26/2026,12:37:47 AM,99,74
9/26/2026,12:37:48 AM,99,74
9/26/2026,12:37:49 AM,99,74
9/26/2026,12:37:50 AM,99,74
9/26/2026,12:37:51 AM,99,74
9/26/2026,12:37:52 AM,99,74
9/26/2026,12:37:53 AM,99,74
9/26/2026,12:37:54 AM,99,74
9/26/2026,12:37:55 AM,99,74
9/26/2026,12:37:56 AM,99,74
9/26/2026,12:37:57 AM,99,74
9/26/2026,12:37:58 AM,99,74
9/26/2026,12:37:59 AM,99,74
9/26/2026,12:38:00 AM,99,74
9/26/2026,12:38:01 AM,99,74
9/26/2026,12:38:02 AM,99,74
9/26/2026,12:38:03 AM,99,74
9/26/2026,12:38:04 AM,99,74
9/26/2026,12:38:05 AM,99,74
9/26/2026,12:38:06 AM,99,74
9/26/2026,12:38:07 AM,99,74
9/26/2026,12:38:08 AM,99,74
9/26/2026,12:38:09 AM,99,74
9/26/2026,12:38:10 AM,99,74
9/26/2026,12:38:11 AM,99,74
9/26/2026,12:38:12 AM,99,74
9/26/2026,12:38:13 AM,99,74
9/26/2026,12:38:14 AM,99,74
9/26/2026,12:38:15 AM,99,74
9/26/2026,12:38:16 AM,99,74
9/26/2026,12:38:17 AM,99,74
9/26/2026,12:38:18 AM,99,74
9/26/2026,12:38:19 AM,99,74
9/26/2026,12:38:20 AM,99,74
9/26/2026,12:38:21 AM,99,74
9/26/2026,12:38:22 AM,99,74
9/26/2026,12:38:23 AM,99,74
9/26/2026,12:38:24 AM,99,74
9/26/2026,12:38:25 AM,99,74
9/26/2026,12:38:26 AM,99,74
9/26/2026,12:38:27 AM,99,74
9/26/2026,12:38:28 AM,99,74
9/26/2026,12:38:29 AM,99,74
9/26/2026,12:38:30 AM,99,74
9/26/2026,12:38:31 AM,99,74
9/26/2026,12:38:32 AM,99,74
9/26/2026,12:38:33 AM,99,74
9/26/2026,12:38:34 AM,99,74
9/26/2026,12:38:35 AM,99,74
9/26/2026,12:38:36 AM,99,74
9/26/2026,12:38:37 AM,99,74
9/26/2026,12:38:38 AM,99,74
9/26/2026,12:38:39 AM,99,74
9/26/2026,12:38:40 AM,99,74
9/26/2026,12:38:41 AM,99,74
9/26/2026,12:38:42 AM,99,74
9/26/2026,12:38:43 AM,99,74
9/26/2026,12:38:44 AM,99,74
9/26/2026,12:38:45 AM,99,74
9/26/2026,12:38:46 AM,99,74
9/26/2026,12:38:47 AM,99,74
9/26/2026,12:38:48 AM,99,74
9/26/2026,12:38:49 AM,99,74
9/26/2026,12:38:50 AM,99,74
9/26/2026,12:38:51 AM,99,74
9/26/2026,12:38:52 AM,99,74
9/26/2026,12:38:53 AM,99,74
9/26/2026,12:38:54 AM,99,74
9/26/2026,12:38:55 AM,99,74
9/26/2026,12:38:56 AM,99,74
9/26/2026,12:38:57 AM,99,74
9/26/2026,12:38:58 AM,99,74
9/26/2026,12:38:59 AM,99,74
9/26/2026,12:39:00 AM,99,74
9/26/2026,12:39:01 AM,99,74
9/26/2026,12:39:02 AM,99,74
9/26/2026,12:39:03 AM,99,74
9/26/2026,12:39:04 AM,99,74
9/26/2026,12:39:05 AM,99,74
9/26/2026,12:39:06 AM,99,74
9/26/2026,12:39:07 AM,99,74
9/26/2026,12:39:08 AM,99,74
9/26/2026,12:39:09 AM,99,74
9/26/2026,12:39:10 AM,99,74
9/26/2026,12:39:11 AM,99,74
9/26/2026,12:39:12 AM,99,74
9/26/2026,12:39:13 AM,99,74
9/26/2026,12:39:14 AM,99,74
9/26/2026,12:39:15 AM,99,74
9/26/2026,12:39:16 AM,99,74
9/26/2026,12:39:17 AM,99,74
9/26/2026,12:39:18 AM,99,74
9/26/2026,12:39:19 AM,99,74
9/26/2026,12:39:20 AM,99,74
9/26/2026,12:39:21 AM,99,74
9/26/2026,12:39:22 AM,99,74
9/26/2026,12:39:23 AM,99,74
9/26/2026,12:39:24 AM,99,74
9/26/2026,12:39:25 AM,99,74
9/26/2026,12:39:26 AM,99,74
9/26/2026,12:39:27 AM,99,74
9/26/2026,12:39:28 AM,99,74
9/26/2026,12:39:29 AM,99,74
9/26/2026,12:39:30 AM,99,74
9/26/2026,12:39:31 AM,99,74
9/26/2026,12:39:32 AM,99,74
9/26/2026,12:39:33 AM,99,74
9/26/2026,12:39:34 AM,99,74
9/26/2026,12:39:35 AM,99,74
9/26/2026,12:39:36 AM,99,74
9/26/2026,12:39:37 AM,99,74
9/26/2026,12:39:38 AM,99,74
9/26/2026,12:39:39 AM,99,74
9/26/2026,12:39:40 AM,99,74
9/26/2026,12:39:41 AM,99,74
9/26/2026,12:39:42 AM,99,74
9/26/2026,12:39:43 AM,99,74
9/26/2026,12:39:44 AM,99,74
9/26/2026,12:39:45 AM,99,74
9/26/2026,12:39:46 AM,99,74
9/26/2026,12:39:47 AM,99,74
9/26/2026,12:39:48 AM,99,74
9/26/2026,12:39:49 AM,99,74
9/26/2026,12:39:50 AM,99,74
9/26/2026,12:39:51 AM,99,74
9/26/2026,12:39:52 AM,99,74
9/26/2026,12:39:53 AM,99,74
9/26/2026,12:39:54 AM,99,74
9/26/2026,12:39:55 AM,99,74
9/26/2026,12:39:56 AM,99,74
9/26/2026,12:39:57 AM,99,74
9/26/2026,12:39:58 AM,99,74
9/26/2026,12:39:59 AM,99,74
9/26/2026,12:40:00 AM,99,74
9/26/2026,12:40:01 AM,99,74
9/26/2026,12:40:02 AM,99,74
9/26/2026,12:40:03 AM,99,74
9/26/2026,12:40:04 AM,99,74
9/26/2026,12:40:05 AM,99,74
9/26/2026,12:40:06 AM,99,74
9/26/2026,12:40:07 AM,99,74
9/26/2026,12:40:08 AM,99,74
9/26/2026,12:40:09 AM,99,74
9/26/2026,12:40:10 AM,99,74
9/26/2026,12:40:11 AM,99,74
9/26/2026,12:40:12 AM,99,74
9/26/2026,12:40:13 AM,99,74
9/26/2026,12:40:14 AM,99,74
9/26/2026,12:40:15 AM,99,74
9/26/2026,12:40:16 AM,99,74
9/26/2026,12:40:17 AM,99,74
9/26/2026,12:40:18 AM,99,74
9/26/2026,12:40:19 AM,99,74
9/26/2026,12:40:20 AM,99,74
9/26/2026,12:40:21 AM,99,74
9/26/2026,12:40:22 AM,99,74
9/26/2026,12:40:23 AM,99,74
9/26/2026,12:40:24 AM,99,74
9/26/2026,12:40:25 AM,99,74
9/26/2026,12:40:26 AM,99,74
9/26/2026,12:40:27 AM,99,74
9/26/2026,12:40:28 AM,99,74
9/26/2026,12:40:29 AM,99,74
9/26/2026,12:40:30 AM,99,74
9/26/2026,12:40:31 AM,99,74
9/26/2026,12:40:32 AM,99,74
9/26/2026,12:40:33 AM,99,74
9/26/2026,12:40:34 AM,99,74
9/26/2026,12:40:35 AM,99,74
9/26/2026,12:40:36 AM,99,74
9/26/2026,12:40:37 AM,99,74
9/26/2026,12:40:38 AM,99,74
9/26/2026,12:40:39 AM,99,74
9/26/2026,12:40:40 AM,99,74
9/26/2026,12:40:41 AM,99,74
9/26/2026,12:40:42 AM,99,74
9/26/2026,12:40:43 AM,99,74
9/26/2026,12:40:44 AM,99,74
9/26/2026,12:40:45 AM,99,74
9/26/2026,12:40:46 AM,99,74
9/26/2026,12:40:47 AM,99,74
9/26/2026,12:40:48 AM,99,74
9/26/2026,12:40:49 AM,99,74
9/26/2026,12:40:50 AM,99,74
9/26/2026,12:40:51 AM,99,74
9/26/2026,12:40:52 AM,99,74
9/26/2026,12:40:53 AM,99,74
9/26/2026,12:40:54 AM,99,74
9/26/2026,12:40:55 AM,99,74
9/26/2026,12:40:56 AM,99,74
9/26/2026,12:40:57 AM,99,74
9/26/2026,12:40:58 AM,99,74
9/26/2026,12:40:59 AM,99,74
9/26/2026,12:41:00 AM,99,74
9/26/2026,12:41:01 AM,99,74
9/26/2026,12:41:02 AM,99,74
9/26/2026,12:41:03 AM,99,74
9/26/2026,12:41:04 AM,99,74
9/26/2026,12:41:05 AM,99,74
9/26/2026,12:41:06 AM,99,74
9/26/2026,12:41:07 AM,99,74
9/26/2026,12:41:08 AM,99,74
9/26/2026,12:41:09 AM,99,74
9/26/2026,12:41:10 AM,99,74
9/26/2026,12:41:11 AM,99,74
9/26/2026,12:41:12 AM,99,74
9/26/2026,12:41:13 AM,99,74
9/26/2026,12:41:14 AM,99,74
9/26/2026,12:41:15 AM,99,74
9/26/2026,12:41:16 AM,99,74
9/26/2026,12:41:17 AM,99,74
9/26/2026,12:41:18 AM,99,74
9/26/2026,12:41:19 AM,99,74
9/26/2026,12:41:20 AM,99,74
9/26/2026,12:41:21 AM,99,74
9/26/2026,12:41:22 AM,99,74
9/26/2026,12:41:23 AM,99,74
9/26/2026,12:41:24 AM,99,74
9/26/2026,12:41:25 AM,99,74
9/26/2026,12:41:26 AM,99,74
9/26/2026,12:41:27 AM,99,74
9/26/2026,12:41:28 AM,99,74
9/26/2026,12:41:29 AM,99,74
9/26/2026,12:41:30 AM,99,74
9/26/2026,12:41:31 AM,99,74
9/26/2026,12:41:32 AM,99,74
9/26/2026,12:41:33 AM,99,74
9/26/2026,12:41:34 AM,99,74
9/26/2026,12:41:35 AM,99,74
9/26/2026,12:41:36 AM,99,74
9/26/2026,12:41:37 AM,99,74
9/26/2026,12:41:38 AM,99,74
9/26/2026,12:41:39 AM,99,74
9/26/2026,12:41:40 AM,99,74
9/26/2026,12:41:41 AM,99,74
9/26/2026,12:41:42 AM,99,74
9/26/2026,12:41:43 AM,99,74
9/26/2026,12:41:44 AM,99,74
9/26/2026,12:41:45 AM,99,74
9/26/2026,12:41:46 AM,99,74
9/26/2026,12:41:47 AM,99,74
9/26/2026,12:41:48 AM,99,74
9/26/2026,12:41:49 AM,99,74
9/26/2026,12:41:50 AM,99,74
9/26/2026,12:41:51 AM,99,74
9/26/2026,12:41:52 AM,99,74
9/26/2026,12:41:53 AM,99,74
9/26/2026,12:41:54 AM,99,74
9/26/2026,12:41:55 AM,99,74
9/26/2026,12:41:56 AM,99,74
9/26/2026,12:41:57 AM,99,74
9/26/2026,12:41:58 AM,99,74
9/26/2026,12:41:59 AM,99,74
9/26/2026,12:42:00 AM,99,74
9/26/2026,12:42:01 AM,99,74
9/26/2026,12:42:02 AM,99,74
9/26/2026,12:42:03 AM,99,74
9/26/2026,12:42:04 AM,99,74
9/26/2026,12:42:05 AM,99,74
9/26/2026,12:42:06 AM,99,74
9/26/2026,12:42:07 AM,99,74
9/26/2026,12:42:08 AM,99,74
9/26/2026,12:42:09 AM,99,74
9/26/2026,12:42:10 AM,99,74
9/26/2026,12:42:11 AM,99,74
9/26/2026,12:42:12 AM,99,74
9/26/2026,12:42:13 AM,99,74
9/26/2026,12:42:14 AM,99,74
9/26/2026,12:42:15 AM,99,74
9/26/2026,12:42:16 AM,99,74
9/26/2026,12:42:17 AM,99,74
9/26/2026,12:42:18 AM,99,74
9/26/2026,12:42:19 AM,99,74
9/26/2026,12:42:20 AM,99,74
9/26/2026,12:42:21 AM,99,74
9/26/2026,12:42:22 AM,99,74
9/26/2026,12:42:23 AM,99,74
9/26/2026,12:42:24 AM,99,74
9/26/2026,12:42:25 AM,99,74
9/26/2026,12:42:26 AM,99,74
9/26/2026,12:42:27 AM,99,74
9/26/2026,12:42:28 AM,99,74
9/26/2026,12:42:29 AM,99,74
9/26/2026,12:42:30 AM,99,74
9/26/2026,12:42:31 AM,99,74
9/26/2026,12:42:32 AM,99,74
9/26/2026,12:42:33 AM,99,74
9/26/2026,12:42:34 AM,99,74
9/26/2026,12:42:35 AM,99,74
9/26/2026,12:42:36 AM,99,74
9/26/2026,12:42:37 AM,99,74
9/26/2026,12:42:38 AM,99,74
9/26/2026,12:42:39 AM,99,74
9/26/2026,12:42:40 AM,99,74
9/26/2026,12:42:41 AM,99,74
9/26/2026,12:42:42 AM,99,74
9/26/2026,12:42:43 AM,99,74
9/26/2026,12:42:44 AM,99,74
9/26/2026,12:42:45 AM,99,74
9/26/2026,12:42:46 AM,99,74
9/26/2026,12:42:47 AM,99,74
9/26/2026,12:42:48 AM,99,74
9/26/2026,12:42:49 AM,99,74
9/26/2026,12:42:50 AM,99,74
9/26/2026,12:42:51 AM,99,74
9/26/2026,12:42:52 AM,99,74
9/26/2026,12:42:53 AM,99,74
9/26/2026,12:42:54 AM,99,74
9/26/2026,12:42:55 AM,99,74
9/26/2026,12:42:56 AM,99,74
